DATETIME, ,LINK, ,TEXT
PAGE NUM,1
2018-07-11,/blog/whats-new-in-python-3-7,What’s New in Python 3.7: Data Classes
2018-06-22,/blog/five-tips-for-getting-yourself-unstuck,Five Tips for Getting Yourself Unstuck
2018-06-13,/blog/roadmap-for-learning-how-to-code-03,A Roadmap for Learning How To Code - Part 3
2018-06-05,/blog/student-interview-paula-miranda,Student Interview: Paula + Miranda on Company Projects
2018-05-31,/blog/five-essential-rules-when-job-searching,Five Essential Rules when Job Searching
2018-05-22,/blog/outcomes-a-preview,Outcomes: A Preview
2018-05-16,/blog/low-abstraction-frameworks,The Benefit of Low-Abstraction Frameworks for Scaffolding Learning
2018-04-25,/blog/are-coding-schools-worth-the-cost,Are Coding Schools Worth the Cost?
2018-04-10,/blog/roadmap-for-learning-how-to-code-02,A Roadmap for Learning How To Code - Part 2
2018-03-27,/blog/meet-the-instructor-joel-burton,Meet The Instructor: Joel Burton
PAGE NUM,2
2018-03-19,/blog/alumni-spotlight-anna-brit,Alumni Spotlight: Anna-Brit Schlaepfer
2018-02-28,/blog/the-art-of-outreach,The Art of Outreach
2018-02-20,/blog/vscode,Intro to VS Code
2018-02-06,/blog/debugging-like-a-developer,Debugging Like a Developer
2018-01-31,/blog/student-interview-allie-stephen,Student Interview: Allie + Stephen on Company Projects
2018-01-24,/blog/roadmap-for-learning-how-to-code-01,A Roadmap for Learning How To Code - Part 1
2018-01-18,/blog/staff-spotlight-jeremy-evans-smith,"Staff Spotlight - Jeremy Evans-Smith, Career Services Manager"
2018-01-10,/blog/computer-science-vs-coding-bootcamp,Computer Science Degree vs. Coding Bootcamp Tradeoffs
2018-01-02,/blog/new-years-resolutions,New Year's Resolutions: Developer Edition
2017-12-20,/blog/student-spotlight-sean-mangosing,Student Spotlight: Sean Mangosing
PAGE NUM,3
2017-12-11,/blog/new-year-new-outcomes,"New Year, New Outcomes"
2017-12-05,/blog/five-tips-for-landing-a-job,Five Tips for Landing a Job as a Bootcamp Grad
2017-11-28,/blog/our-newest-scholarship,"Our Newest Scholarship, Diversity, and How Rithm Supports Your Coding Education"
2017-11-21,/blog/why-pay-for-school,Why Pay For School?
2017-11-07,/blog/this-holiday-season-give-back-to-tech-for-good,"This Holiday Season, Give Back to Tech for Good"
2017-10-24,/blog/meet-the-instructor-michael-hueter,Meet The Instructor: Michael Hueter
2017-10-17,/blog/student-spotlight-adele-landers,Student Spotlight: Adele Landers
2017-10-10,/blog/do-web-developers-need-to-be-good-at-math,Do Web Developers Need to be Good at Math?
2017-09-27,/blog/top-four-js-mistakes-that-beginners-make,Top 4 JavaScript Mistakes That Beginners Make
2017-09-19,/blog/interview-with-an-alumni-katie-krieger,Interview With An Alumni: Katie Krieger
PAGE NUM,4
2017-09-05,/blog/what-makes-a-successful-student,What Makes a Successful Student?
2017-08-29,/blog/5-topics-to-master-before-learning-react,5 Topics To Master Before Learning React
2017-08-22,/blog/soft-skills-that-actually-matter-in-tech,Soft Skills That Actually Matter In Tech
2017-08-15,/blog/what-i-wish-someone-had-told-me-before-i-learned-to-code,What I Wish Someone Had Told Me Before I Learned To Code
2017-08-08,/blog/diversity-scholarship-winner-interview-michelle-huynh,Rithm School Scholarship Winner Interview: Michelle Huynh
2017-08-01,/blog/a-bootcamp-bubble,A Bootcamp Bubble?
2017-07-18,/blog/student-interview-julia-hazer,Student Interview: Julia Hazer on Company Projects
2017-07-11,/blog/five-tips-to-get-into-rithm,Five Tips to Get Into Rithm
2017-06-27,/blog/problem-solving-strategies-06,Problem Solving Strategies: Look Back and Refactor
2017-06-19,/blog/student-interview-shriya-nevatia,Student Interview: Shriya Nevatia
PAGE NUM,5
2017-05-23,/blog/scholarships-diversity-education,"Scholarships, Diversity and How Rithm Supports Your Coding Education"
2017-05-11,/blog/demystifying-deep-learning,Demystifying Deep Learning
2017-05-02,/blog/staff-spotlight-angelina-davis,"Staff Spotlight: Angelina Davis, Admissions Manager"
2017-04-18,/blog/student-interview-torre-taylor,Student Interview: Torre Taylor on Company Projects
2017-04-06,/blog/becoming-a-self-reliant-developer,Becoming a Self-Reliant Developer
2017-03-30,/blog/you-should-be-going-to-tech-conferences,You Should Be Going To Tech Conferences
2017-03-23,/blog/student-interview-andrew-mundy,Student Interview: Andrew Mundy
2017-03-16,/blog/shes-been-persisting,She’s Been Persisting: 6 Women in Tech Organizations You Should Know About
2017-03-09,/blog/bootcamp-curious-perspective-from-a-recovering-academic,Bootcamp Curious? Perspective from a Recovering Academic
2017-02-02,/blog/problem-solving-strategies-05,Problem Solving Strategies: Use Tools Strategically
PAGE NUM,6
2017-01-19,/blog/problem-solving-strategies-04,Problem Solving Strategies: Solve a Simpler Problem
2017-01-05,/blog/your-roadmap-to-learning-javascript,Your Roadmap to Learning JavaScript
2016-12-19,/blog/what-a-small-class-size-meant-to-me,What A Small Class Size Meant to Me
2016-12-19,/blog/student-interview-greg,Student Interview: Greg
2016-12-08,/blog/how-to-prepare-for-the-rithm-technical-interview,How to Prepare for the Rithm Technical Interview
2016-12-05,/blog/problem-solving-strategies-03,Problem Solving Strategies: Break It Down
2016-11-28,/blog/problem-solving-strategies-02,Problem Solving Strategies: Explore Concrete Examples
2016-11-21,/blog/problem-solving-strategies-01,Problem Solving Strategies: Understand the Problem
2016-11-15,/blog/why-do-you-want-to-code,Why Do You Want To Code?
2016-10-21,/blog/essential-tools-for-web-development,Essential Tools for Web Development
